Message_id,Message,Send_time
c41e9179-1dff-4e02-9ced-6d428ae1b751,Message text 1,2024-07-15 09:41:28.919541
2002c164-3908-45c6-bb72-5a2621205e05,Message text 2,2024-05-05 08:41:28.919581
9683501d-422c-43b6-baf0-359b39ef4862,Message text 3,2024-01-28 13:41:28.919596
2d12ba0d-84f3-4b63-94d6-ea288bb04646,Message text 4,2024-10-24 15:41:28.919610
2f087a00-2e0e-426e-bb5d-913cd0250feb,Message text 5,2023-11-13 06:41:28.919624
faf698b1-3a6c-4c47-af70-3c78787918a2,Message text 6,2024-02-15 23:41:28.919645
44c90d9b-f64a-47bb-9880-b5181b8b135a,Message text 7,2024-05-18 05:41:28.919800
59bfbbe6-5802-461f-b9e2-e8f1d3a13342,Message text 8,2024-07-12 09:41:28.919859
39fc5253-0124-4b9e-980b-ec1ea0e9b35d,Message text 9,2024-10-28 13:41:28.919891
87e8d952-0d9b-46e3-8fdc-9044ca7bf92c,Message text 10,2024-04-19 23:41:28.919927
eb899181-c230-4e31-9346-542c594f8994,Message text 11,2024-09-03 13:41:28.919942
f594f876-9b1f-4b33-a892-2adfd16e521c,Message text 12,2024-07-03 05:41:28.919955
bdaff7f6-27e6-4d17-b5a3-0eaae73a41f2,Message text 13,2024-11-06 13:41:28.919970
6a931426-73ca-47ab-b8d0-0596d67167bb,Message text 14,2024-01-24 01:41:28.919984
a60dec2f-2d16-4d3e-aa35-d39fee42b15d,Message text 15,2024-01-09 08:41:28.920010
f2d63849-e0c6-45fc-b544-fb70be54c155,Message text 16,2024-07-15 11:41:28.922040
464240da-6df3-4479-bcc7-1d78b8baf41b,Message text 17,2024-07-06 09:41:28.922095
28ec9527-54ea-44a7-b2c6-1ff57345da7e,Message text 18,2024-10-08 23:41:28.922114
6aac6464-489a-4554-b8b0-599be8554d53,Message text 19,2024-07-14 16:41:28.922130
1e3e9bea-6e8f-48c7-a98f-8ede716974b2,Message text 20,2024-06-16 00:41:28.922144
7feb41da-6b26-4831-ac7f-5b934493b7b9,Message text 21,2024-01-22 15:41:28.922157
109a083a-043f-43f3-b79a-cf9cd3bff02e,Message text 22,2024-01-19 13:41:28.922175
0da4d8df-efc8-4a2d-9a06-538d5fba60c5,Message text 23,2024-11-02 08:41:28.922193
87597b93-9433-4d08-b8c4-e97c3151fec6,Message text 24,2023-11-15 17:41:28.922212
42536193-40f2-4b47-956f-09a75ce1d2fe,Message text 25,2024-02-21 13:41:28.922226
54d6c5b1-59b1-47c6-90c0-1820c3b5b7c0,Message text 26,2024-09-27 01:41:28.922240
947c2812-3178-46e4-9c5d-45f871c3af93,Message text 27,2024-09-29 14:41:28.922253
acb9bf35-ba33-476a-8d76-c623c3488391,Message text 28,2024-03-18 07:41:28.922267
5b9c3865-46db-40a8-bc70-13a689fad7db,Message text 29,2024-02-21 09:41:28.922280
8872c4b8-2ea3-4443-888f-bbd9248db1f3,Message text 30,2024-05-24 19:41:28.922295
